isic_id,target
ISIC_0015657,0.001304402481764555
ISIC_0015729,1.179303808385157e-06
ISIC_0015740,0.0012436985271051526
