isic_id,target
ISIC_0015657,[0.19562959671020508]
ISIC_0015729,[0.0016631853068247437]
ISIC_0015740,[0.4608640968799591]
